word,ipa,accent_model,syllable_count,source
significant,/sɪɡˈnɪfɪkənt/,GA,4,standard dictionary pronunciation; cross-check pending
approach,/əˈproʊtʃ/,GA,2,standard dictionary pronunciation; cross-check pending
environment,/ɪnˈvaɪrənmənt/,GA,4,standard dictionary pronunciation; cross-check pending
individual,/ˌɪndɪˈvɪdʒuəl/,GA,5,standard dictionary pronunciation; cross-check pending
establish,/ɪˈstæblɪʃ/,GA,3,standard dictionary pronunciation; cross-check pending
particular,/pərˈtɪkjələr/,GA,4,standard dictionary pronunciation; cross-check pending
specific,/spəˈsɪfɪk/,GA,3,standard dictionary pronunciation; cross-check pending
available,/əˈveɪləbəl/,GA,4,standard dictionary pronunciation; cross-check pending
consistent,/kənˈsɪstənt/,GA,3,standard dictionary pronunciation; cross-check pending
previous,/ˈpriːviəs/,GA,3,standard dictionary pronunciation; cross-check pending
research,noun /ˈriːsɜːrtʃ/; verb /rɪˈsɜːrtʃ/,GA,2,standard dictionary pronunciation; cross-check pending
analysis,/əˈnæləsɪs/,GA,4,standard dictionary pronunciation; cross-check pending
therefore,/ˈðɛrfɔːr/,GA,2,standard dictionary pronunciation; cross-check pending
however,/haʊˈɛvər/,GA,3,standard dictionary pronunciation; cross-check pending
although,/ɔːlˈðoʊ/,GA,2,standard dictionary pronunciation; cross-check pending
develop,/dɪˈvɛləp/,GA,3,standard dictionary pronunciation; cross-check pending
require,/rɪˈkwaɪər/,GA,2,standard dictionary pronunciation; cross-check pending
necessary,/ˈnɛsəsɛri/,GA,4,standard dictionary pronunciation; cross-check pending
various,/ˈvɛriəs/,GA,3,standard dictionary pronunciation; cross-check pending
characteristic,/ˌkærəktəˈrɪstɪk/,GA,6,standard dictionary pronunciation; cross-check pending
demonstrate,/ˈdɛmənstreɪt/,GA,3,standard dictionary pronunciation; cross-check pending
considerable,/kənˈsɪdərəbəl/,GA,5,standard dictionary pronunciation; cross-check pending
substantial,/səbˈstænʃəl/,GA,3,standard dictionary pronunciation; cross-check pending
phenomenon,/fəˈnɑːmɪnɑːn/,GA,4,standard dictionary pronunciation; cross-check pending
hypothesis,/haɪˈpɑːθəsɪs/,GA,4,standard dictionary pronunciation; cross-check pending
methodology,/ˌmɛθəˈdɑːlədʒi/,GA,5,standard dictionary pronunciation; cross-check pending
comprehensive,/ˌkɑːmprɪˈhɛnsɪv/,GA,4,standard dictionary pronunciation; cross-check pending
inevitable,/ɪˈnɛvɪtəbəl/,GA,5,standard dictionary pronunciation; cross-check pending
subsequent,/ˈsʌbsɪkwənt/,GA,3,standard dictionary pronunciation; cross-check pending
approximately,/əˈprɑːksəmətli/,GA,5,standard dictionary pronunciation; cross-check pending
determine,/dɪˈtɜːrmɪn/,GA,3,standard dictionary pronunciation; cross-check pending
increase,noun /ˈɪŋkriːs/; verb /ɪnˈkriːs/,GA,2,standard dictionary pronunciation; cross-check pending
decrease,noun /ˈdiːkriːs/; verb /dɪˈkriːs/,GA,2,standard dictionary pronunciation; cross-check pending
context,/ˈkɑːntɛkst/,GA,2,standard dictionary pronunciation; cross-check pending
concept,/ˈkɑːnsɛpt/,GA,2,standard dictionary pronunciation; cross-check pending
structure,/ˈstrʌktʃər/,GA,2,standard dictionary pronunciation; cross-check pending
function,/ˈfʌŋkʃən/,GA,2,standard dictionary pronunciation; cross-check pending
process,/ˈprɑːsɛs/,GA,2,standard dictionary pronunciation; cross-check pending
factor,/ˈfæktər/,GA,2,standard dictionary pronunciation; cross-check pending
variable,/ˈvɛriəbəl/,GA,4,standard dictionary pronunciation; cross-check pending
sufficient,/səˈfɪʃənt/,GA,3,standard dictionary pronunciation; cross-check pending
efficient,/ɪˈfɪʃənt/,GA,3,standard dictionary pronunciation; cross-check pending
influence,/ˈɪnfluəns/,GA,3,standard dictionary pronunciation; cross-check pending
impact,noun /ˈɪmpækt/; verb /ɪmˈpækt/,GA,2,standard dictionary pronunciation; cross-check pending
perspective,/pərˈspɛktɪv/,GA,3,standard dictionary pronunciation; cross-check pending
strategy,/ˈstrætədʒi/,GA,3,standard dictionary pronunciation; cross-check pending
principle,/ˈprɪnsəpəl/,GA,3,standard dictionary pronunciation; cross-check pending
theory,/ˈθɪəri/,GA,3,standard dictionary pronunciation; cross-check pending
evidence,/ˈɛvɪdəns/,GA,3,standard dictionary pronunciation; cross-check pending
conclude,/kənˈkluːd/,GA,2,standard dictionary pronunciation; cross-check pending
assume,/əˈsuːm/,GA,2,standard dictionary pronunciation; cross-check pending
achieve,/əˈtʃiːv/,GA,2,standard dictionary pronunciation; cross-check pending
maintain,/meɪnˈteɪn/,GA,2,standard dictionary pronunciation; cross-check pending
obtain,/əbˈteɪn/,GA,2,standard dictionary pronunciation; cross-check pending
contribute,/kənˈtrɪbjuːt/,GA,3,standard dictionary pronunciation; cross-check pending
distribute,/dɪˈstrɪbjuːt/,GA,3,standard dictionary pronunciation; cross-check pending
investigate,/ɪnˈvɛstɪɡeɪt/,GA,4,standard dictionary pronunciation; cross-check pending
eliminate,/ɪˈlɪmɪneɪt/,GA,4,standard dictionary pronunciation; cross-check pending
emphasize,/ˈɛmfəsaɪz/,GA,3,standard dictionary pronunciation; cross-check pending
illustrate,/ˈɪləstreɪt/,GA,3,standard dictionary pronunciation; cross-check pending
benefit,/ˈbɛnɪfɪt/,GA,3,standard dictionary pronunciation; cross-check pending
advantage,/ədˈvæntɪdʒ/,GA,3,standard dictionary pronunciation; cross-check pending
disadvantage,/ˌdɪsədˈvæntɪdʒ/,GA,5,standard dictionary pronunciation; cross-check pending
challenge,/ˈtʃælɪndʒ/,GA,2,standard dictionary pronunciation; cross-check pending
opportunity,/ˌɑːpərˈtuːnəti/,GA,5,standard dictionary pronunciation; cross-check pending
solution,/səˈluːʃən/,GA,3,standard dictionary pronunciation; cross-check pending
problem,/ˈprɑːbləm/,GA,2,standard dictionary pronunciation; cross-check pending
issue,/ˈɪʃuː/,GA,2,standard dictionary pronunciation; cross-check pending
situation,/ˌsɪtʃuˈeɪʃən/,GA,5,standard dictionary pronunciation; cross-check pending
circumstance,/ˈsɜːrkəmstæns/,GA,3,standard dictionary pronunciation; cross-check pending
condition,/kənˈdɪʃən/,GA,3,standard dictionary pronunciation; cross-check pending
relationship,/rɪˈleɪʃənʃɪp/,GA,4,standard dictionary pronunciation; cross-check pending
communication,/kəˌmjuːnɪˈkeɪʃən/,GA,6,standard dictionary pronunciation; cross-check pending
technology,/tɛkˈnɑːlədʒi/,GA,4,standard dictionary pronunciation; cross-check pending
innovation,/ˌɪnəˈveɪʃən/,GA,4,standard dictionary pronunciation; cross-check pending
traditional,/trəˈdɪʃənəl/,GA,4,standard dictionary pronunciation; cross-check pending
global,/ˈɡloʊbəl/,GA,2,standard dictionary pronunciation; cross-check pending
economic,/ˌɛkəˈnɑːmɪk/,GA,4,standard dictionary pronunciation; cross-check pending
economy,/ɪˈkɑːnəmi/,GA,4,standard dictionary pronunciation; cross-check pending
society,/səˈsaɪəti/,GA,4,standard dictionary pronunciation; cross-check pending
population,/ˌpɑːpjəˈleɪʃən/,GA,5,standard dictionary pronunciation; cross-check pending
generation,/ˌdʒɛnəˈreɪʃən/,GA,4,standard dictionary pronunciation; cross-check pending
government,/ˈɡʌvərnmənt/,GA,3,standard dictionary pronunciation; cross-check pending
policy,/ˈpɑːləsi/,GA,3,standard dictionary pronunciation; cross-check pending
education,/ˌɛdʒʊˈkeɪʃən/,GA,4,standard dictionary pronunciation; cross-check pending
knowledge,/ˈnɑːlɪdʒ/,GA,2,standard dictionary pronunciation; cross-check pending
skill,/skɪl/,GA,1,standard dictionary pronunciation; cross-check pending
experience,/ɪkˈspɪriəns/,GA,4,standard dictionary pronunciation; cross-check pending
professional,/prəˈfɛʃənəl/,GA,4,standard dictionary pronunciation; cross-check pending
resource,/ˈriːsɔːrs/,GA,2,standard dictionary pronunciation; cross-check pending
essential,/ɪˈsɛnʃəl/,GA,3,standard dictionary pronunciation; cross-check pending
crucial,/ˈkruːʃəl/,GA,2,standard dictionary pronunciation; cross-check pending
valuable,/ˈvæljəbəl/,GA,3,standard dictionary pronunciation; cross-check pending
reliable,/rɪˈlaɪəbəl/,GA,4,standard dictionary pronunciation; cross-check pending
flexible,/ˈflɛksəbəl/,GA,3,standard dictionary pronunciation; cross-check pending
accurate,/ˈækjərət/,GA,3,standard dictionary pronunciation; cross-check pending
appropriate,adjective /əˈproʊpriət/; verb /əˈproʊprieɪt/,GA,4,standard dictionary pronunciation; cross-check pending
suitable,/ˈsuːtəbəl/,GA,3,standard dictionary pronunciation; cross-check pending
reasonable,/ˈriːzənəbəl/,GA,4,standard dictionary pronunciation; cross-check pending
remarkable,/rɪˈmɑːrkəbəl/,GA,4,standard dictionary pronunciation; cross-check pending
dramatic,/drəˈmætɪk/,GA,3,standard dictionary pronunciation; cross-check pending
gradual,/ˈɡrædʒuəl/,GA,3,standard dictionary pronunciation; cross-check pending
steady,/ˈstɛdi/,GA,2,standard dictionary pronunciation; cross-check pending
rapid,/ˈræpɪd/,GA,2,standard dictionary pronunciation; cross-check pending
decline,/dɪˈklaɪn/,GA,2,standard dictionary pronunciation; cross-check pending
fluctuate,/ˈflʌktʃueɪt/,GA,3,standard dictionary pronunciation; cross-check pending
proportion,/prəˈpɔːrʃən/,GA,3,standard dictionary pronunciation; cross-check pending
percentage,/pərˈsɛntɪdʒ/,GA,3,standard dictionary pronunciation; cross-check pending
majority,/məˈdʒɔːrəti/,GA,4,standard dictionary pronunciation; cross-check pending
minority,/maɪˈnɔːrəti/,GA,4,standard dictionary pronunciation; cross-check pending
average,/ˈævərɪdʒ/,GA,3,standard dictionary pronunciation; cross-check pending
overall,/ˌoʊvərˈɔːl/,GA,3,standard dictionary pronunciation; cross-check pending
approximate,adjective /əˈprɑːksəmət/; verb /əˈprɑːksəmeɪt/,GA,4,standard dictionary pronunciation; cross-check pending
compare,/kəmˈpɛr/,GA,2,standard dictionary pronunciation; cross-check pending
contrast,noun /ˈkɑːntræst/; verb /kənˈtræst/,GA,2,standard dictionary pronunciation; cross-check pending
similar,/ˈsɪmələr/,GA,3,standard dictionary pronunciation; cross-check pending
differ,/ˈdɪfər/,GA,2,standard dictionary pronunciation; cross-check pending
equivalent,/ɪˈkwɪvələnt/,GA,4,standard dictionary pronunciation; cross-check pending
correspond,/ˌkɔːrəˈspɑːnd/,GA,3,standard dictionary pronunciation; cross-check pending
represent,/ˌrɛprɪˈzɛnt/,GA,3,standard dictionary pronunciation; cross-check pending
argue,/ˈɑːrɡjuː/,GA,2,standard dictionary pronunciation; cross-check pending
argument,/ˈɑːrɡjəmənt/,GA,3,standard dictionary pronunciation; cross-check pending
debate,/dɪˈbeɪt/,GA,2,standard dictionary pronunciation; cross-check pending
controversial,/ˌkɑːntrəˈvɜːrʃəl/,GA,4,standard dictionary pronunciation; cross-check pending
consequence,/ˈkɑːnsəkwɛns/,GA,3,standard dictionary pronunciation; cross-check pending
consequently,/ˈkɑːnsəkwəntli/,GA,4,standard dictionary pronunciation; cross-check pending
thus,/ðʌs/,GA,1,standard dictionary pronunciation; cross-check pending
despite,/dɪˈspaɪt/,GA,2,standard dictionary pronunciation; cross-check pending
nevertheless,/ˌnɛvərðəˈlɛs/,GA,4,standard dictionary pronunciation; cross-check pending
furthermore,/ˈfɜːrðərmɔːr/,GA,3,standard dictionary pronunciation; cross-check pending
moreover,/mɔːrˈoʊvər/,GA,3,standard dictionary pronunciation; cross-check pending
addition,/əˈdɪʃən/,GA,3,standard dictionary pronunciation; cross-check pending
regarding,/rɪˈɡɑːrdɪŋ/,GA,3,standard dictionary pronunciation; cross-check pending
overcome,/ˌoʊvərˈkʌm/,GA,3,standard dictionary pronunciation; cross-check pending
address,verb /əˈdrɛs/; noun variable /əˈdrɛs/ or /ˈædrɛs/,GA,2,standard dictionary pronunciation; verified via WebSearch cross-reference (2026-08-06) against Cambridge Dictionary/Wiktionary aggregated results — direct site fetch still returns 403
tackle,/ˈtækəl/,GA,2,standard dictionary pronunciation; cross-check pending
implement,/ˈɪmplɪmɛnt/,GA,3,standard dictionary pronunciation; cross-check pending
implementation,/ˌɪmplɪmɛnˈteɪʃən/,GA,5,standard dictionary pronunciation; cross-check pending
execute,/ˈɛksɪkjuːt/,GA,3,standard dictionary pronunciation; cross-check pending
enhance,/ɪnˈhæns/,GA,2,standard dictionary pronunciation; cross-check pending
improve,/ɪmˈpruːv/,GA,2,standard dictionary pronunciation; cross-check pending
improvement,/ɪmˈpruːvmənt/,GA,3,standard dictionary pronunciation; cross-check pending
facilitate,/fəˈsɪlɪteɪt/,GA,4,standard dictionary pronunciation; cross-check pending
promote,/prəˈmoʊt/,GA,2,standard dictionary pronunciation; cross-check pending
encourage,/ɪnˈkɜːrɪdʒ/,GA,3,standard dictionary pronunciation; cross-check pending
discourage,/dɪsˈkɜːrɪdʒ/,GA,3,standard dictionary pronunciation; cross-check pending
prevent,/prɪˈvɛnt/,GA,2,standard dictionary pronunciation; cross-check pending
avoid,/əˈvɔɪd/,GA,2,standard dictionary pronunciation; cross-check pending
reduce,/rɪˈduːs/,GA,2,standard dictionary pronunciation; cross-check pending
minimize,/ˈmɪnɪmaɪz/,GA,3,standard dictionary pronunciation; cross-check pending
university,/ˌjuːnɪˈvɜːrsəti/,GA,5,standard dictionary pronunciation; cross-check pending
institution,/ˌɪnstɪˈtuːʃən/,GA,4,standard dictionary pronunciation; cross-check pending
curriculum,/kəˈrɪkjələm/,GA,4,standard dictionary pronunciation; cross-check pending
assignment,/əˈsaɪnmənt/,GA,3,standard dictionary pronunciation; cross-check pending
lecture,/ˈlɛktʃər/,GA,2,standard dictionary pronunciation; cross-check pending
seminar,/ˈsɛmɪnɑːr/,GA,3,standard dictionary pronunciation; cross-check pending
graduate,adj./noun /ˈɡrædʒuət/; verb /ˈɡrædʒueɪt/,GA,3,standard dictionary pronunciation; cross-check pending
undergraduate,/ˌʌndərˈɡrædʒuət/,GA,5,standard dictionary pronunciation; cross-check pending
degree,/dɪˈɡriː/,GA,2,standard dictionary pronunciation; cross-check pending
qualification,/ˌkwɑːlɪfɪˈkeɪʃən/,GA,5,standard dictionary pronunciation; cross-check pending
career,/kəˈrɪr/,GA,2,standard dictionary pronunciation; cross-check pending
employment,/ɪmˈplɔɪmənt/,GA,3,standard dictionary pronunciation; cross-check pending
employee,"/ˌɛmplɔɪˈiː/ (a less common /ɪmˈplɔɪiː/ variant, stress on syllable 2, also exists)",GA,3,"standard dictionary pronunciation; verified via WebSearch against Cambridge Dictionary aggregation, confirms two attested stress variants"
employer,/ɪmˈplɔɪər/,GA,3,standard dictionary pronunciation; cross-check pending
workplace,/ˈwɜːrkpleɪs/,GA,2,standard dictionary pronunciation; cross-check pending
colleague,/ˈkɑːliːɡ/,GA,2,standard dictionary pronunciation; cross-check pending
supervisor,/ˈsuːpərvaɪzər/,GA,4,standard dictionary pronunciation; cross-check pending
management,/ˈmænɪdʒmənt/,GA,3,standard dictionary pronunciation; cross-check pending
manage,/ˈmænɪdʒ/,GA,2,standard dictionary pronunciation; cross-check pending
organization,/ˌɔːrɡənɪˈzeɪʃən/,GA,5,standard dictionary pronunciation; cross-check pending
organize,/ˈɔːrɡənaɪz/,GA,3,standard dictionary pronunciation; cross-check pending
participate,/pɑːrˈtɪsɪpeɪt/,GA,4,standard dictionary pronunciation; cross-check pending
participant,/pɑːrˈtɪsɪpənt/,GA,4,standard dictionary pronunciation; cross-check pending
volunteer,/ˌvɑːlənˈtɪr/,GA,3,standard dictionary pronunciation; cross-check pending
schedule,/ˈskɛdʒuːl/,GA,2,standard dictionary pronunciation; cross-check pending
deadline,/ˈdɛdlaɪn/,GA,2,standard dictionary pronunciation; cross-check pending
duration,/dʊˈreɪʃən/,GA,3,standard dictionary pronunciation; cross-check pending
semester,/sɪˈmɛstər/,GA,3,standard dictionary pronunciation; cross-check pending
academic,/ˌækəˈdɛmɪk/,GA,4,standard dictionary pronunciation; cross-check pending
scholarship,/ˈskɑːlərʃɪp/,GA,3,standard dictionary pronunciation; cross-check pending
climate,/ˈklaɪmət/,GA,2,standard dictionary pronunciation; cross-check pending
species,/ˈspiːʃiːz/,GA,2,standard dictionary pronunciation; cross-check pending
ecosystem,/ˈiːkoʊsɪstəm/,GA,4,standard dictionary pronunciation; cross-check pending
sustainable,/səˈsteɪnəbəl/,GA,4,standard dictionary pronunciation; cross-check pending
sustainability,/səˌsteɪnəˈbɪləti/,GA,6,standard dictionary pronunciation; cross-check pending
renewable,/rɪˈnuːəbəl/,GA,4,standard dictionary pronunciation; cross-check pending
emission,/ɪˈmɪʃən/,GA,3,standard dictionary pronunciation; cross-check pending
pollution,/pəˈluːʃən/,GA,3,standard dictionary pronunciation; cross-check pending
conservation,/ˌkɑːnsərˈveɪʃən/,GA,4,standard dictionary pronunciation; cross-check pending
biodiversity,/ˌbaɪoʊdaɪˈvɜːrsəti/,GA,6,standard dictionary pronunciation; cross-check pending
temperature,/ˈtɛmprətʃər/,GA,3,standard dictionary pronunciation; cross-check pending
atmosphere,/ˈætməsfɪr/,GA,3,standard dictionary pronunciation; cross-check pending
molecule,/ˈmɑːlɪkjuːl/,GA,3,standard dictionary pronunciation; cross-check pending
organism,/ˈɔːrɡənɪzəm/,GA,3,standard dictionary pronunciation; cross-check pending
mechanism,/ˈmɛkənɪzəm/,GA,3,standard dictionary pronunciation; cross-check pending
artificial,/ˌɑːrtɪˈfɪʃəl/,GA,4,standard dictionary pronunciation; cross-check pending
intelligence,/ɪnˈtɛlɪdʒəns/,GA,4,standard dictionary pronunciation; cross-check pending
algorithm,/ˈælɡərɪðəm/,GA,4,standard dictionary pronunciation; cross-check pending
device,/dɪˈvaɪs/,GA,2,standard dictionary pronunciation; cross-check pending
equipment,/ɪˈkwɪpmənt/,GA,3,standard dictionary pronunciation; cross-check pending
infrastructure,/ˈɪnfrəstrʌktʃər/,GA,4,standard dictionary pronunciation; cross-check pending
transportation,/ˌtrænspərˈteɪʃən/,GA,4,standard dictionary pronunciation; cross-check pending
vehicle,/ˈviːɪkəl/,GA,3,standard dictionary pronunciation; cross-check pending
efficiency,/ɪˈfɪʃənsi/,GA,4,standard dictionary pronunciation; cross-check pending
capacity,/kəˈpæsəti/,GA,4,standard dictionary pronunciation; cross-check pending
quantity,/ˈkwɑːntəti/,GA,3,standard dictionary pronunciation; cross-check pending
quality,/ˈkwɑːləti/,GA,3,standard dictionary pronunciation; cross-check pending
volume,/ˈvɑːljuːm/,GA,2,standard dictionary pronunciation; cross-check pending
density,/ˈdɛnsəti/,GA,3,standard dictionary pronunciation; cross-check pending
velocity,/vəˈlɑːsəti/,GA,4,standard dictionary pronunciation; cross-check pending
medicine,/ˈmɛdɪsən/,GA,3,standard dictionary pronunciation; cross-check pending
medical,/ˈmɛdɪkəl/,GA,3,standard dictionary pronunciation; cross-check pending
treatment,/ˈtriːtmənt/,GA,2,standard dictionary pronunciation; cross-check pending
symptom,/ˈsɪmptəm/,GA,2,standard dictionary pronunciation; cross-check pending
diagnosis,/ˌdaɪəɡˈnoʊsɪs/,GA,4,standard dictionary pronunciation; cross-check pending
disease,/dɪˈziːz/,GA,2,standard dictionary pronunciation; cross-check pending
virus,/ˈvaɪrəs/,GA,2,standard dictionary pronunciation; cross-check pending
vaccine,/vækˈsiːn/,GA,2,standard dictionary pronunciation; verified via WebSearch cross-reference (2026-08-06) against Cambridge Dictionary/Wiktionary aggregated results — direct site fetch still returns 403
immune,/ɪˈmjuːn/,GA,2,standard dictionary pronunciation; cross-check pending
nutrition,/nuːˈtrɪʃən/,GA,3,standard dictionary pronunciation; cross-check pending
exercise,/ˈɛksərsaɪz/,GA,3,standard dictionary pronunciation; cross-check pending
psychology,/saɪˈkɑːlədʒi/,GA,4,standard dictionary pronunciation; cross-check pending
behavior,/bɪˈheɪvjər/,GA,3,standard dictionary pronunciation; cross-check pending
emotion,/ɪˈmoʊʃən/,GA,3,standard dictionary pronunciation; cross-check pending
memory,/ˈmɛməri/,GA,3,standard dictionary pronunciation; cross-check pending
perception,/pərˈsɛpʃən/,GA,3,standard dictionary pronunciation; cross-check pending
cognitive,/ˈkɑːɡnətɪv/,GA,3,standard dictionary pronunciation; cross-check pending
awareness,/əˈwɛrnəs/,GA,3,standard dictionary pronunciation; cross-check pending
history,/ˈhɪstəri/,GA,3,standard dictionary pronunciation; cross-check pending
historical,/hɪˈstɔːrɪkəl/,GA,4,standard dictionary pronunciation; verified via WebSearch cross-reference (2026-08-06) against Cambridge Dictionary/Wiktionary aggregated results — direct site fetch still returns 403
culture,/ˈkʌltʃər/,GA,2,standard dictionary pronunciation; cross-check pending
cultural,/ˈkʌltʃərəl/,GA,3,standard dictionary pronunciation; cross-check pending
century,/ˈsɛntʃəri/,GA,3,standard dictionary pronunciation; cross-check pending
ancient,/ˈeɪnʃənt/,GA,2,standard dictionary pronunciation; cross-check pending
civilization,/ˌsɪvələˈzeɪʃən/,GA,6,standard dictionary pronunciation; cross-check pending
heritage,/ˈhɛrɪtɪdʒ/,GA,3,standard dictionary pronunciation; cross-check pending
tradition,/trəˈdɪʃən/,GA,3,standard dictionary pronunciation; cross-check pending
custom,/ˈkʌstəm/,GA,2,standard dictionary pronunciation; cross-check pending
religion,/rɪˈlɪdʒən/,GA,3,standard dictionary pronunciation; cross-check pending
religious,/rɪˈlɪdʒəs/,GA,3,standard dictionary pronunciation; cross-check pending
budget,/ˈbʌdʒɪt/,GA,2,standard dictionary pronunciation; cross-check pending
investment,/ɪnˈvɛstmənt/,GA,3,standard dictionary pronunciation; cross-check pending
invest,/ɪnˈvɛst/,GA,2,standard dictionary pronunciation; cross-check pending
profit,/ˈprɑːfɪt/,GA,2,standard dictionary pronunciation; cross-check pending
revenue,/ˈrɛvənuː/,GA,3,standard dictionary pronunciation; cross-check pending
expense,/ɪkˈspɛns/,GA,2,standard dictionary pronunciation; cross-check pending
finance,/ˈfaɪnæns/ (variant /fəˈnæns/),GA,2,standard dictionary pronunciation; verified via WebSearch cross-reference (2026-08-06) against Cambridge Dictionary/Wiktionary aggregated results — direct site fetch still returns 403
financial,/fəˈnænʃəl/,GA,3,standard dictionary pronunciation; verified via WebSearch cross-reference (2026-08-06) against Cambridge Dictionary/Wiktionary aggregated results — direct site fetch still returns 403
commercial,/kəˈmɜːrʃəl/,GA,3,standard dictionary pronunciation; cross-check pending
corporate,/ˈkɔːrpərət/,GA,3,standard dictionary pronunciation; cross-check pending
corporation,/ˌkɔːrpəˈreɪʃən/,GA,5,standard dictionary pronunciation; cross-check pending
industry,/ˈɪndəstri/,GA,3,standard dictionary pronunciation; cross-check pending
industrial,/ɪnˈdʌstriəl/,GA,4,standard dictionary pronunciation; cross-check pending
market,/ˈmɑːrkɪt/,GA,2,standard dictionary pronunciation; cross-check pending
marketing,/ˈmɑːrkɪtɪŋ/,GA,3,standard dictionary pronunciation; cross-check pending
competition,/ˌkɑːmpəˈtɪʃən/,GA,4,standard dictionary pronunciation; cross-check pending
competitive,/kəmˈpɛtətɪv/,GA,4,standard dictionary pronunciation; cross-check pending
consumer,/kənˈsuːmər/,GA,3,standard dictionary pronunciation; cross-check pending
consumption,/kənˈsʌmpʃən/,GA,3,standard dictionary pronunciation; cross-check pending
transaction,/trænˈzækʃən/,GA,3,standard dictionary pronunciation; cross-check pending
currency,/ˈkɜːrənsi/,GA,3,standard dictionary pronunciation; cross-check pending
inflation,/ɪnˈfleɪʃən/,GA,3,standard dictionary pronunciation; cross-check pending
taxation,/tækˈseɪʃən/,GA,3,standard dictionary pronunciation; cross-check pending
income,/ˈɪnkʌm/,GA,2,standard dictionary pronunciation; cross-check pending
salary,/ˈsæləri/,GA,3,standard dictionary pronunciation; cross-check pending
wage,/weɪdʒ/,GA,1,standard dictionary pronunciation; cross-check pending
entrepreneur,/ˌɑːntrəprəˈnɜːr/,GA,4,standard dictionary pronunciation; cross-check pending
enterprise,/ˈɛntərpraɪz/,GA,3,standard dictionary pronunciation; cross-check pending
shareholder,/ˈʃɛrhoʊldər/,GA,3,standard dictionary pronunciation; cross-check pending
stakeholder,/ˈsteɪkhoʊldər/,GA,3,standard dictionary pronunciation; cross-check pending
region,/ˈriːdʒən/,GA,2,standard dictionary pronunciation; cross-check pending
regional,/ˈriːdʒənəl/,GA,3,standard dictionary pronunciation; cross-check pending
rural,/ˈrʊrəl/,GA,2,standard dictionary pronunciation; cross-check pending
urban,/ˈɜːrbən/,GA,2,standard dictionary pronunciation; cross-check pending
suburb,/ˈsʌbɜːrb/,GA,2,standard dictionary pronunciation; cross-check pending
municipal,/mjuːˈnɪsəpəl/,GA,4,standard dictionary pronunciation; cross-check pending
residential,/ˌrɛzɪˈdɛnʃəl/,GA,4,standard dictionary pronunciation; cross-check pending
territory,/ˈtɛrətɔːri/,GA,4,standard dictionary pronunciation; cross-check pending
boundary,/ˈbaʊndəri/,GA,3,standard dictionary pronunciation; cross-check pending
coastal,/ˈkoʊstəl/,GA,2,standard dictionary pronunciation; cross-check pending
media,/ˈmiːdiə/,GA,3,standard dictionary pronunciation; cross-check pending
journalism,/ˈdʒɜːrnəlɪzəm/,GA,4,standard dictionary pronunciation; cross-check pending
journalist,/ˈdʒɜːrnəlɪst/,GA,3,standard dictionary pronunciation; cross-check pending
broadcast,/ˈbrɔːdkæst/,GA,2,standard dictionary pronunciation; cross-check pending
publication,/ˌpʌblɪˈkeɪʃən/,GA,4,standard dictionary pronunciation; cross-check pending
publish,/ˈpʌblɪʃ/,GA,2,standard dictionary pronunciation; cross-check pending
entertainment,/ˌɛntərˈteɪnmənt/,GA,4,standard dictionary pronunciation; cross-check pending
audience,/ˈɔːdiəns/,GA,3,standard dictionary pronunciation; cross-check pending
advertisement,/ˌædvərˈtaɪzmənt/,GA,4,standard dictionary pronunciation; verified via WebSearch cross-reference (2026-08-06) against Cambridge Dictionary/Wiktionary aggregated results — direct site fetch still returns 403
advertise,/ˈædvərtaɪz/,GA,3,standard dictionary pronunciation; cross-check pending
platform,/ˈplætfɔːrm/,GA,2,standard dictionary pronunciation; cross-check pending
network,/ˈnɛtwɜːrk/,GA,2,standard dictionary pronunciation; cross-check pending
digital,/ˈdɪdʒɪtəl/,GA,3,standard dictionary pronunciation; cross-check pending
software,/ˈsɔːftwɛr/,GA,2,standard dictionary pronunciation; cross-check pending
hardware,/ˈhɑːrdwɛr/,GA,2,standard dictionary pronunciation; cross-check pending
interface,/ˈɪntərfeɪs/,GA,3,standard dictionary pronunciation; cross-check pending
database,/ˈdeɪtəbeɪs/,GA,3,standard dictionary pronunciation; cross-check pending
server,/ˈsɜːrvər/,GA,2,standard dictionary pronunciation; cross-check pending
bandwidth,/ˈbændwɪdθ/,GA,2,standard dictionary pronunciation; cross-check pending
connectivity,/kəˌnɛkˈtɪvəti/,GA,5,standard dictionary pronunciation; cross-check pending
law,/lɔː/,GA,1,standard dictionary pronunciation; cross-check pending
legal,/ˈliːɡəl/,GA,2,standard dictionary pronunciation; cross-check pending
illegal,/ɪˈliːɡəl/,GA,3,standard dictionary pronunciation; cross-check pending
legislation,/ˌlɛdʒɪsˈleɪʃən/,GA,4,standard dictionary pronunciation; cross-check pending
legislature,/ˈlɛdʒɪsleɪtʃər/,GA,4,standard dictionary pronunciation; cross-check pending
justice,/ˈdʒʌstɪs/,GA,2,standard dictionary pronunciation; cross-check pending
judge,/dʒʌdʒ/,GA,1,standard dictionary pronunciation; cross-check pending
judicial,/dʒuˈdɪʃəl/,GA,3,standard dictionary pronunciation; cross-check pending
court,/kɔːrt/,GA,1,standard dictionary pronunciation; cross-check pending
crime,/kraɪm/,GA,1,standard dictionary pronunciation; cross-check pending
criminal,/ˈkrɪmɪnəl/,GA,3,standard dictionary pronunciation; cross-check pending
offense,/əˈfɛns/,GA,2,standard dictionary pronunciation; cross-check pending
penalty,/ˈpɛnəlti/,GA,3,standard dictionary pronunciation; cross-check pending
punishment,/ˈpʌnɪʃmənt/,GA,3,standard dictionary pronunciation; cross-check pending
enforcement,/ɪnˈfɔːrsmənt/,GA,3,standard dictionary pronunciation; cross-check pending
regulation,/ˌrɛɡjəˈleɪʃən/,GA,4,standard dictionary pronunciation; cross-check pending
regulate,/ˈrɛɡjəleɪt/,GA,3,standard dictionary pronunciation; cross-check pending
authority,/əˈθɔːrəti/,GA,4,standard dictionary pronunciation; cross-check pending
election,/ɪˈlɛkʃən/,GA,3,standard dictionary pronunciation; cross-check pending
candidate,/ˈkændɪdət/,GA,3,standard dictionary pronunciation; cross-check pending
campaign,/kæmˈpeɪn/,GA,2,standard dictionary pronunciation; cross-check pending
democracy,/dɪˈmɑːkrəsi/,GA,4,standard dictionary pronunciation; cross-check pending
democratic,/ˌdɛməˈkrætɪk/,GA,4,standard dictionary pronunciation; cross-check pending
citizen,/ˈsɪtəzən/,GA,3,standard dictionary pronunciation; cross-check pending
citizenship,/ˈsɪtəzənʃɪp/,GA,4,standard dictionary pronunciation; cross-check pending
constitution,/ˌkɑːnstɪˈtuːʃən/,GA,4,standard dictionary pronunciation; cross-check pending
parliament,/ˈpɑːrləmənt/,GA,3,standard dictionary pronunciation; cross-check pending
senate,/ˈsɛnət/,GA,2,standard dictionary pronunciation; cross-check pending
diplomat,/ˈdɪpləmæt/,GA,3,standard dictionary pronunciation; cross-check pending
diplomatic,/ˌdɪpləˈmætɪk/,GA,4,standard dictionary pronunciation; cross-check pending
literature,/ˈlɪtərətʃər/,GA,4,standard dictionary pronunciation; cross-check pending
novel,/ˈnɑːvəl/,GA,2,standard dictionary pronunciation; cross-check pending
poetry,/ˈpoʊətri/,GA,3,standard dictionary pronunciation; cross-check pending
author,/ˈɔːθər/,GA,2,standard dictionary pronunciation; cross-check pending
narrative,/ˈnærətɪv/,GA,3,standard dictionary pronunciation; cross-check pending
fiction,/ˈfɪkʃən/,GA,2,standard dictionary pronunciation; cross-check pending
character,/ˈkærəktər/,GA,3,standard dictionary pronunciation; cross-check pending
theater,/ˈθiːətər/,GA,3,standard dictionary pronunciation; cross-check pending
performance,/pərˈfɔːrməns/,GA,3,standard dictionary pronunciation; cross-check pending
perform,/pərˈfɔːrm/,GA,2,standard dictionary pronunciation; cross-check pending
exhibition,/ˌɛksɪˈbɪʃən/,GA,4,standard dictionary pronunciation; cross-check pending
gallery,/ˈɡæləri/,GA,3,standard dictionary pronunciation; cross-check pending
sculpture,/ˈskʌlptʃər/,GA,2,standard dictionary pronunciation; cross-check pending
architecture,/ˈɑːrkɪtɛktʃər/,GA,4,standard dictionary pronunciation; cross-check pending
architect,/ˈɑːrkɪtɛkt/,GA,3,standard dictionary pronunciation; cross-check pending
athlete,/ˈæθliːt/,GA,2,standard dictionary pronunciation; cross-check pending
athletic,/æθˈlɛtɪk/,GA,3,standard dictionary pronunciation; cross-check pending
championship,/ˈtʃæmpiənʃɪp/,GA,4,standard dictionary pronunciation; cross-check pending
tournament,/ˈtʊrnəmənt/,GA,3,standard dictionary pronunciation; cross-check pending
stadium,/ˈsteɪdiəm/,GA,3,standard dictionary pronunciation; cross-check pending
spectator,/ˈspɛkteɪtər/,GA,3,standard dictionary pronunciation; cross-check pending
leisure,/ˈliːʒər/,GA,2,standard dictionary pronunciation; verified via WebSearch cross-reference (2026-08-06) against Cambridge Dictionary/Wiktionary aggregated results — direct site fetch still returns 403
hobby,/ˈhɑːbi/,GA,2,standard dictionary pronunciation; cross-check pending
recreation,/ˌrɛkriˈeɪʃən/,GA,4,standard dictionary pronunciation; cross-check pending
tourism,/ˈtʊrɪzəm/,GA,3,standard dictionary pronunciation; cross-check pending
tourist,/ˈtʊrɪst/,GA,2,standard dictionary pronunciation; cross-check pending
destination,/ˌdɛstɪˈneɪʃən/,GA,4,standard dictionary pronunciation; cross-check pending
accommodation,/əˌkɑːməˈdeɪʃən/,GA,5,standard dictionary pronunciation; cross-check pending
itinerary,/aɪˈtɪnərɛri/,GA,5,standard dictionary pronunciation; cross-check pending
souvenir,/ˌsuːvəˈnɪr/,GA,3,standard dictionary pronunciation; verified via WebSearch cross-reference (2026-08-06) against Cambridge Dictionary/Wiktionary aggregated results — direct site fetch still returns 403
experiment,/ɪkˈspɛrəmənt/,GA,4,standard dictionary pronunciation; cross-check pending
laboratory,/ˈlæbrəˌtɔːri/,GA,4,standard dictionary pronunciation; cross-check pending
observe,/əbˈzɜːrv/,GA,2,standard dictionary pronunciation; cross-check pending
observation,/ˌɑːbzərˈveɪʃən/,GA,4,standard dictionary pronunciation; cross-check pending
sample,/ˈsæmpəl/,GA,2,standard dictionary pronunciation; cross-check pending
survey,"noun /ˈsɜːrveɪ/, verb /sərˈveɪ/",GA,2,standard dictionary pronunciation; verified via WebSearch cross-reference (2026-08-06) against Cambridge Dictionary/Wiktionary aggregated results — direct site fetch still returns 403
questionnaire,/ˌkwɛstʃəˈnɛr/,GA,3,standard dictionary pronunciation; cross-check pending
verify,/ˈvɛrɪfaɪ/,GA,3,standard dictionary pronunciation; cross-check pending
verification,/ˌvɛrɪfɪˈkeɪʃən/,GA,5,standard dictionary pronunciation; cross-check pending
replicate,/ˈrɛplɪkeɪt/,GA,3,standard dictionary pronunciation; cross-check pending
empirical,/ɪmˈpɪrɪkəl/,GA,4,standard dictionary pronunciation; cross-check pending
quantitative,/ˈkwɑːntɪteɪtɪv/,GA,4,standard dictionary pronunciation; cross-check pending
qualitative,/ˈkwɑːlɪteɪtɪv/,GA,4,standard dictionary pronunciation; cross-check pending
statistic,/stəˈtɪstɪk/,GA,3,standard dictionary pronunciation; cross-check pending
statistics,/stəˈtɪstɪks/,GA,3,standard dictionary pronunciation; cross-check pending
scientist,/ˈsaɪəntɪst/,GA,3,standard dictionary pronunciation; cross-check pending
discovery,/dɪˈskʌvəri/,GA,3,standard dictionary pronunciation; cross-check pending
discover,/dɪˈskʌvər/,GA,3,standard dictionary pronunciation; cross-check pending
invention,/ɪnˈvɛnʃən/,GA,3,standard dictionary pronunciation; cross-check pending
invent,/ɪnˈvɛnt/,GA,2,standard dictionary pronunciation; cross-check pending
breakthrough,/ˈbreɪkθruː/,GA,2,standard dictionary pronunciation; cross-check pending
prototype,/ˈproʊtətaɪp/,GA,3,standard dictionary pronunciation; cross-check pending
simulate,/ˈsɪmjəleɪt/,GA,3,standard dictionary pronunciation; cross-check pending
simulation,/ˌsɪmjəˈleɪʃən/,GA,4,standard dictionary pronunciation; cross-check pending
calculate,/ˈkælkjəleɪt/,GA,3,standard dictionary pronunciation; cross-check pending
calculation,/ˌkælkjəˈleɪʃən/,GA,4,standard dictionary pronunciation; cross-check pending
measurement,/ˈmɛʒərmənt/,GA,3,standard dictionary pronunciation; cross-check pending
measure,/ˈmɛʒər/,GA,2,standard dictionary pronunciation; cross-check pending
assess,/əˈsɛs/,GA,2,standard dictionary pronunciation; cross-check pending
assessment,/əˈsɛsmənt/,GA,3,standard dictionary pronunciation; cross-check pending
household,/ˈhaʊshoʊld/,GA,2,standard dictionary pronunciation; cross-check pending
family,/ˈfæməli/,GA,3,standard dictionary pronunciation; cross-check pending
relative,/ˈrɛlətɪv/,GA,3,standard dictionary pronunciation; cross-check pending
sibling,/ˈsɪblɪŋ/,GA,2,standard dictionary pronunciation; cross-check pending
parent,/ˈpɛrənt/,GA,2,standard dictionary pronunciation; cross-check pending
spouse,/spaʊs/,GA,1,standard dictionary pronunciation; cross-check pending
marriage,/ˈmærɪdʒ/,GA,2,standard dictionary pronunciation; cross-check pending
divorce,/dɪˈvɔːrs/,GA,2,standard dictionary pronunciation; cross-check pending
childhood,/ˈtʃaɪldhʊd/,GA,2,standard dictionary pronunciation; cross-check pending
elderly,/ˈɛldərli/,GA,3,standard dictionary pronunciation; cross-check pending
guardian,/ˈɡɑːrdiən/,GA,3,standard dictionary pronunciation; cross-check pending
upbringing,/ˈʌpbrɪŋɪŋ/,GA,3,standard dictionary pronunciation; cross-check pending
ancestor,/ˈænsɛstər/,GA,3,standard dictionary pronunciation; cross-check pending
descendant,/dɪˈsɛndənt/,GA,3,standard dictionary pronunciation; cross-check pending
diet,/ˈdaɪət/,GA,2,standard dictionary pronunciation; cross-check pending
appetite,/ˈæpɪtaɪt/,GA,3,standard dictionary pronunciation; cross-check pending
allergy,/ˈælərdʒi/,GA,3,standard dictionary pronunciation; cross-check pending
therapy,/ˈθɛrəpi/,GA,3,standard dictionary pronunciation; cross-check pending
therapist,/ˈθɛrəpɪst/,GA,3,standard dictionary pronunciation; cross-check pending
hospital,/ˈhɑːspɪtəl/,GA,3,standard dictionary pronunciation; cross-check pending
clinic,/ˈklɪnɪk/,GA,2,standard dictionary pronunciation; cross-check pending
patient,/ˈpeɪʃənt/,GA,2,standard dictionary pronunciation; cross-check pending
physician,/fɪˈzɪʃən/,GA,3,standard dictionary pronunciation; cross-check pending
surgeon,/ˈsɜːrdʒən/,GA,2,standard dictionary pronunciation; cross-check pending
prescription,/prɪˈskrɪpʃən/,GA,3,standard dictionary pronunciation; cross-check pending
medication,/ˌmɛdɪˈkeɪʃən/,GA,4,standard dictionary pronunciation; cross-check pending
recovery,/rɪˈkʌvəri/,GA,3,standard dictionary pronunciation; cross-check pending
rehabilitation,/ˌriːəˌbɪlɪˈteɪʃən/,GA,6,standard dictionary pronunciation; cross-check pending
wellness,/ˈwɛlnəs/,GA,2,standard dictionary pronunciation; cross-check pending
hygiene,/ˈhaɪdʒiːn/,GA,2,standard dictionary pronunciation; cross-check pending
airport,/ˈɛrpɔːrt/,GA,2,standard dictionary pronunciation; cross-check pending
passenger,/ˈpæsɪndʒər/,GA,3,standard dictionary pronunciation; cross-check pending
luggage,/ˈlʌɡɪdʒ/,GA,2,standard dictionary pronunciation; cross-check pending
departure,/dɪˈpɑːrtʃər/,GA,3,standard dictionary pronunciation; cross-check pending
arrival,/əˈraɪvəl/,GA,3,standard dictionary pronunciation; cross-check pending
boarding,/ˈbɔːrdɪŋ/,GA,2,standard dictionary pronunciation; cross-check pending
terminal,/ˈtɜːrmɪnəl/,GA,3,standard dictionary pronunciation; cross-check pending
customs,/ˈkʌstəmz/,GA,2,standard dictionary pronunciation; cross-check pending
immigration,/ˌɪmɪˈɡreɪʃən/,GA,4,standard dictionary pronunciation; cross-check pending
passport,/ˈpæspɔːrt/,GA,2,standard dictionary pronunciation; cross-check pending
transit,/ˈtrænzɪt/,GA,2,standard dictionary pronunciation; cross-check pending
delay,/dɪˈleɪ/,GA,2,standard dictionary pronunciation; cross-check pending
route,/ruːt/ (attested variant /raʊt/),GA,1,standard dictionary pronunciation; verified via WebSearch cross-reference (2026-08-06) against Cambridge Dictionary/Wiktionary aggregated results — direct site fetch still returns 403
traffic,/ˈtræfɪk/,GA,2,standard dictionary pronunciation; cross-check pending
congestion,/kənˈdʒɛstʃən/,GA,3,standard dictionary pronunciation; cross-check pending
weather,/ˈwɛðər/,GA,2,standard dictionary pronunciation; cross-check pending
forecast,/ˈfɔːrkæst/,GA,2,standard dictionary pronunciation; cross-check pending
humidity,/hjuːˈmɪdəti/,GA,4,standard dictionary pronunciation; cross-check pending
precipitation,/prɪˌsɪpɪˈteɪʃən/,GA,5,standard dictionary pronunciation; cross-check pending
drought,/draʊt/,GA,1,standard dictionary pronunciation; cross-check pending
flood,/flʌd/,GA,1,standard dictionary pronunciation; cross-check pending
hurricane,/ˈhɜːrəkeɪn/,GA,3,standard dictionary pronunciation; cross-check pending
thunderstorm,/ˈθʌndərstɔːrm/,GA,2,standard dictionary pronunciation; cross-check pending
wind,/wɪnd/,GA,1,standard dictionary pronunciation; cross-check pending
rainfall,/ˈreɪnfɔːl/,GA,2,standard dictionary pronunciation; cross-check pending
storm,/stɔːrm/,GA,1,standard dictionary pronunciation; cross-check pending
disaster,/dɪˈzæstər/,GA,3,standard dictionary pronunciation; cross-check pending
earthquake,/ˈɜːrθkweɪk/,GA,2,standard dictionary pronunciation; cross-check pending
wildfire,/ˈwaɪldfaɪər/,GA,2,standard dictionary pronunciation; cross-check pending
tornado,/tɔːrˈneɪdoʊ/,GA,3,standard dictionary pronunciation; cross-check pending
interview,/ˈɪntərvjuː/,GA,3,standard dictionary pronunciation; cross-check pending
resume,noun (CV) /ˈrɛzəmeɪ/; verb /rɪˈzuːm/,GA,3,standard dictionary pronunciation; verified via WebSearch cross-reference (2026-08-06) against Cambridge Dictionary/Wiktionary aggregated results — direct site fetch still returns 403
application,/ˌæplɪˈkeɪʃən/,GA,4,standard dictionary pronunciation; cross-check pending
promotion,/prəˈmoʊʃən/,GA,3,standard dictionary pronunciation; cross-check pending
recruit,/rɪˈkruːt/,GA,2,standard dictionary pronunciation; cross-check pending
recruitment,/rɪˈkruːtmənt/,GA,3,standard dictionary pronunciation; cross-check pending
onboarding,/ˈɑːnˌbɔːrdɪŋ/,GA,3,standard dictionary pronunciation; cross-check pending
teamwork,/ˈtiːmwɜːrk/,GA,2,standard dictionary pronunciation; cross-check pending
freelance,/ˈfriːlæns/,GA,2,standard dictionary pronunciation; cross-check pending
remote,/rɪˈmoʊt/,GA,2,standard dictionary pronunciation; cross-check pending
overtime,/ˈoʊvərtaɪm/,GA,3,standard dictionary pronunciation; cross-check pending
appraisal,/əˈpreɪzəl/,GA,3,standard dictionary pronunciation; cross-check pending
feedback,/ˈfiːdbæk/,GA,2,standard dictionary pronunciation; cross-check pending
mentor,/ˈmɛntɔːr/,GA,2,standard dictionary pronunciation; cross-check pending
internship,/ˈɪntɜːrnʃɪp/,GA,3,standard dictionary pronunciation; cross-check pending
password,/ˈpæswɜːrd/,GA,2,standard dictionary pronunciation; cross-check pending
username,/ˈjuːzərneɪm/,GA,3,standard dictionary pronunciation; cross-check pending
upload,"/ˈʌploʊd/ (verb stress more variable, toward /ʌpˈloʊd/)",GA,2,standard dictionary pronunciation; cross-check pending
download,/ˈdaʊnloʊd/,GA,2,standard dictionary pronunciation; cross-check pending
browser,/ˈbraʊzər/,GA,2,standard dictionary pronunciation; cross-check pending
website,/ˈwɛbsaɪt/,GA,2,standard dictionary pronunciation; cross-check pending
encryption,/ɪnˈkrɪpʃən/,GA,3,standard dictionary pronunciation; cross-check pending
cybersecurity,/ˌsaɪbərsɪˈkjʊrəti/,GA,6,standard dictionary pronunciation; cross-check pending
malware,/ˈmælwɛr/,GA,2,standard dictionary pronunciation; cross-check pending
firewall,/ˈfaɪərwɔːl/,GA,2,standard dictionary pronunciation; cross-check pending
cloud,/klaʊd/,GA,1,standard dictionary pronunciation; cross-check pending
streaming,/ˈstriːmɪŋ/,GA,2,standard dictionary pronunciation; cross-check pending
subscription,/səbˈskrɪpʃən/,GA,3,standard dictionary pronunciation; cross-check pending
app,/æp/,GA,1,standard dictionary pronunciation; cross-check pending
notification,/ˌnoʊtɪfɪˈkeɪʃən/,GA,5,standard dictionary pronunciation; cross-check pending
anxious,/ˈæŋkʃəs/,GA,2,standard dictionary pronunciation; verified via WebSearch cross-reference (2026-08-06) against Cambridge Dictionary/Wiktionary aggregated results — direct site fetch still returns 403
anxiety,/æŋˈzaɪəti/,GA,4,standard dictionary pronunciation; verified via WebSearch cross-reference (2026-08-06) against Cambridge Dictionary/Wiktionary aggregated results — direct site fetch still returns 403
confident,/ˈkɑːnfɪdənt/,GA,3,standard dictionary pronunciation; cross-check pending
confidence,/ˈkɑːnfɪdəns/,GA,3,standard dictionary pronunciation; cross-check pending
enthusiastic,/ɪnˌθuːziˈæstɪk/,GA,5,standard dictionary pronunciation; cross-check pending
enthusiasm,/ɪnˈθuːziæzəm/,GA,4,standard dictionary pronunciation; cross-check pending
curious,/ˈkjʊriəs/,GA,3,standard dictionary pronunciation; verified via WebSearch cross-reference (2026-08-06) against Cambridge Dictionary/Wiktionary aggregated results — direct site fetch still returns 403
curiosity,/ˌkjʊriˈɑːsəti/,GA,5,standard dictionary pronunciation; verified via WebSearch cross-reference (2026-08-06) against Cambridge Dictionary/Wiktionary aggregated results — direct site fetch still returns 403
ambitious,/æmˈbɪʃəs/,GA,3,standard dictionary pronunciation; cross-check pending
ambition,/æmˈbɪʃən/,GA,3,standard dictionary pronunciation; cross-check pending
humble,/ˈhʌmbəl/,GA,2,standard dictionary pronunciation; verified via WebSearch cross-reference (2026-08-06) against Cambridge Dictionary/Wiktionary aggregated results — direct site fetch still returns 403
humility,/hjuːˈmɪləti/,GA,4,standard dictionary pronunciation; verified via WebSearch cross-reference (2026-08-06) against Cambridge Dictionary/Wiktionary aggregated results — direct site fetch still returns 403
optimistic,/ˌɑːptɪˈmɪstɪk/,GA,5,standard dictionary pronunciation; cross-check pending
optimism,/ˈɑːptɪmɪzəm/,GA,4,standard dictionary pronunciation; cross-check pending
resilient,/rɪˈzɪljənt/,GA,3,standard dictionary pronunciation; cross-check pending
resilience,/rɪˈzɪljəns/,GA,3,standard dictionary pronunciation; cross-check pending
empathy,/ˈɛmpəθi/,GA,3,standard dictionary pronunciation; cross-check pending
empathetic,/ˌɛmpəˈθɛtɪk/,GA,4,standard dictionary pronunciation; cross-check pending
gratitude,/ˈɡrætɪtuːd/,GA,3,standard dictionary pronunciation; cross-check pending
grateful,/ˈɡreɪtfəl/,GA,2,standard dictionary pronunciation; cross-check pending
